a,b
a,c
a,d
a,e
a,f
a,g
a,h
a,i
a,j
a,k
a,l
a,m
a,n
a,o
a,p
a,q
a,r
a,s
a,t
a,u
a,v
a,w
a,x
a,y
a,z
b,c
b,d
b,e
b,f
b,g
b,h
b,i
b,j
b,k
b,l
b,m
b,n
b,o
b,p
b,q
b,r
b,s
b,t
b,u
b,v
b,w
b,x
b,y
b,z
c,d
c,e
c,f
c,g
c,h
c,i
c,j
c,k
c,l
c,m
c,n
c,o
c,p
c,q
c,r
c,s
c,t
c,u
c,v
c,w
c,x
c,y
c,z
d,e
d,f
d,g
d,h
d,i
d,j
d,k
d,l
d,m
d,n
d,o
d,p
d,q
d,r
d,s
d,t
d,u
d,v
d,w
d,x
d,y
d,z
e,f
e,g
e,h
e,i
e,j
e,k
e,l
e,m
e,n
e,o
e,p
e,q
e,r
e,s
e,t
e,u
e,v
e,w
e,x
e,y
e,z
f,g
f,h
f,i
f,j
f,k
f,l
f,m
f,n
f,o
f,p
f,q
f,r
f,s
f,t
f,u
f,v
f,w
f,x
f,y
f,z
g,h
g,i
g,j
g,k
g,l
g,m
g,n
g,o
g,p
g,q
g,r
g,s
g,t
g,u
g,v
g,w
g,x
g,y
g,z
h,i
h,j
h,k
h,l
h,m
h,n
h,o
h,p
h,q
h,r
h,s
h,t
h,u
h,v
h,w
h,x
h,y
h,z
i,j
i,k
i,l
i,m
i,n
i,o
i,p
i,q
i,r
i,s
i,t
i,u
i,v
i,w
i,x
i,y
i,z
j,k
j,l
j,m
j,n
j,o
j,p
j,q
j,r
j,s
j,t
j,u
j,v
j,w
j,x
j,y
j,z
k,l
k,m
k,n
k,o
k,p
k,q
k,r
k,s
k,t
k,u
k,v
k,w
k,x
k,y
k,z
l,m
l,n
l,o
l,p
l,q
l,r
l,s
l,t
l,u
l,v
l,w
l,x
l,y
l,z
m,n
m,o
m,p
m,q
m,r
m,s
m,t
m,u
m,v
m,w